D1,Caracter1,D2,D3
161,Z,208,53
187,S,108,129
124,D,86,192
160,E,65,13
3,O,100,90
72,H,119,188
125,X,27,121
95,K,195,82
87,H,179,89
120,T,13,200
140,B,27,232
161,A,2,140
66,D,97,176
209,H,40,144
8,T,199,63
239,E,144,21
151,F,153,7
86,E,182,91
243,R,141,243
119,P,208,15
85,Q,15,183
61,N,203,4
165,R,95,193
210,N,215,168
61,Q,169,134
147,W,151,69
27,Q,98,199
206,H,9,231
134,W,87,183
94,T,115,95
94,F,90,39
71,B,49,191
108,V,29,119
183,Q,141,234
241,J,13,247
163,Y,46,185
73,U,206,171
139,I,160,100
107,X,135,195
153,B,141,108
111,S,58,136
138,O,76,28
121,T,56,4
82,P,75,41
122,Y,182,168
102,Y,53,117
163,C,212,131
170,X,197,125
165,M,148,63
147,W,8,234
107,G,43,215
125,D,115,127
134,T,87,98
248,U,238,5
73,D,235,156
109,Y,163,232
215,C,158,33
111,B,206,53
116,M,241,97
123,C,72,52
238,F,16,169
61,Z,170,111
40,H,178,108
66,K,9,249
180,G,72,194
217,X,98,197
151,C,183,146
34,G,151,14
134,R,27,234
94,X,177,4
232,D,64,5
189,L,130,216
87,Q,193,244
119,C,122,147
147,I,131,180
250,K,5,239
179,Q,124,41
111,J,32,184
51,I,163,2
238,Z,80,1
169,Y,142,81
140,I,156,235
200,U,197,168
193,K,153,39
225,H,166,139
27,L,221,235
243,V,137,249
42,D,3,216
6,D,165,114
13,J,97,158
242,U,121,75
107,H,16,42
73,T,158,41
122,Z,95,65
109,L,159,61
94,T,93,57
111,U,212,149
107,F,169,195
236,H,50,44
149,N,163,23
96,H,119,60
122,R,63,111
152,N,146,95
129,W,42,242
137,K,114,85
48,Y,222,111
63,C,118,5
80,N,102,92
158,E,139,168
38,T,125,227
152,A,74,5
237,U,159,169
140,F,239,167
94,Y,220,230
86,R,164,197
208,H,213,248
38,F,16,47
128,M,188,78
161,M,114,209
154,J,56,250
207,L,203,148
242,E,213,125
73,N,237,171
180,J,218,50
91,M,24,188
105,C,5,208
174,O,12,121
49,P,30,156
247,R,130,163
51,N,165,227
214,U,5,94
87,R,7,76
60,U,219,63
183,X,225,45
213,Y,111,167
73,V,223,240
105,X,156,243
206,G,78,200
138,B,244,8
153,Q,75,21
196,N,21,180
73,G,141,158
47,I,145,118
25,I,186,3
16,Q,237,147
105,V,27,123
1,K,242,88
133,O,29,72
78,P,56,198
192,F,145,111
28,A,32,121
201,F,140,105
13,M,7,225
101,O,165,133
218,M,112,112
173,T,221,244
193,F,97,201
63,H,225,229
212,M,150,137
150,H,125,182
250,T,151,91
158,D,116,115
112,N,208,190
17,Y,113,244
18,O,88,196
2,E,149,64
222,F,77,85
246,M,39,107
70,D,62,6
42,O,93,225
65,F,10,135
191,Q,98,26
115,A,26,186
175,O,80,97
17,Y,127,159
240,E,21,247
215,Z,146,40
182,Y,221,68
74,F,54,248
139,G,243,10
55,P,108,209
24,E,231,214
235,A,25,165
6,H,109,194
227,K,212,61
15,G,79,37
155,O,144,134
136,A,88,148
183,A,70,148
39,S,175,97
118,L,34,159
34,X,6,165
229,A,127,222
117,H,121,222
131,C,63,59
79,V,216,126
240,F,225,180
225,W,57,59
50,T,228,67
217,K,123,54
74,J,128,220
107,A,171,5
72,Q,237,35
211,H,118,84
130,P,51,179
132,C,163,77
18,R,70,85
109,V,191,153
194,K,198,100
16,R,121,217
181,R,92,158
167,R,226,241
18,X,136,46
12,C,81,28
47,Q,202,69
40,M,75,219
198,I,97,23
176,E,23,247
69,E,11,130
24,P,39,78
2,X,237,246
205,B,248,19
6,N,97,190
72,B,229,212
37,W,181,240
182,M,212,185
39,C,71,8
114,V,24,116
181,Q,107,11
102,W,18,225
157,S,60,95
59,C,6,129
193,U,68,158
214,D,71,160
68,L,35,183
31,Q,150,186
86,O,96,223
177,Q,187,119
218,E,98,15
75,Q,43,141
165,B,77,12
16,W,154,32
249,H,177,178
99,B,246,194
225,E,137,156
28,Y,199,19
62,J,93,62
155,Q,8,8
249,R,29,41
23,A,136,136
170,Y,57,27
121,T,131,181
59,G,227,100
61,M,5,222
107,K,141,137
32,X,235,41
60,F,43,79
191,Z,189,227
129,A,135,225
96,S,55,168
186,K,57,130
107,P,91,208
11,N,193,90
51,C,111,24
37,R,205,87
56,W,230,39
119,C,53,39
35,O,24,66
76,T,16,60
168,Y,94,178
20,J,89,217
66,O,25,212
203,F,215,80
12,Q,221,192
106,Y,154,186
42,C,164,159
138,S,175,87
61,J,241,236
149,V,205,232
36,A,226,51
31,W,220,245
237,Y,36,198
197,X,18,233
51,X,157,22
184,L,12,130
92,I,10,239
42,T,68,120
119,Y,89,65
152,I,47,153
21,Z,193,66
117,Z,192,223
19,F,106,72
126,U,161,39
170,E,102,160
194,N,178,226
145,L,118,149
30,H,138,31
59,Z,103,23
6,O,247,62
136,J,50,240
119,W,49,245
154,E,126,139
94,S,67,65
118,M,13,19
87,A,92,173
171,I,45,232
50,J,163,58
12,V,102,181
212,V,205,215
222,P,178,199
205,C,115,6
75,X,201,40
193,I,11,89
178,Z,165,166
44,V,244,31
20,Y,245,171
38,A,32,117
192,Q,40,29
67,R,46,123
94,O,195,23
136,R,101,107
123,Y,17,127
116,P,1,54
4,G,103,151
104,V,157,66
188,L,93,12
197,A,39,234
43,M,112,46
8,C,34,147
151,D,180,242
33,Z,152,220
112,O,51,172
77,I,19,130
49,S,75,17
237,C,195,107
5,Y,226,4
143,N,76,210
8,L,222,142
99,J,42,89
225,X,196,108
19,U,59,24
112,Y,228,127
103,R,19,152
27,S,185,176
136,X,60,235
180,C,149,92
149,K,179,4
143,U,246,36
83,U,82,183
166,D,64,43
91,B,18,62
2,P,0,55
243,H,164,55
80,O,142,35
24,Z,183,31
191,Z,192,89
33,H,24,48
198,C,126,110
59,H,63,114
48,I,214,95
208,F,14,90
174,P,133,129
9,W,148,100
176,L,96,210
41,R,29,110
249,U,182,31
190,D,236,133
24,K,94,72
147,K,32,191
10,N,119,180
97,R,188,54
144,Y,156,191
144,E,28,120
138,V,66,52
46,H,193,106
219,B,51,34
53,G,45,131
84,E,154,107
162,U,53,88
248,L,156,153
18,N,53,144
100,B,246,104
79,C,240,141
126,M,115,181
17,B,250,109
137,N,195,146
210,E,70,136
29,X,241,144
62,Q,233,105
113,N,241,6
69,M,97,167
149,S,18,126
138,B,194,94
68,F,29,32
9,S,109,55
121,C,74,181
133,X,250,53
121,G,175,47
219,X,215,154
233,D,78,154
242,Z,132,205
174,F,129,77
84,A,16,198
60,U,169,145
225,D,95,246
213,F,208,50
101,N,184,99
212,F,176,237
157,V,149,213
222,G,199,56
118,T,58,143
11,V,150,62
71,T,179,184
85,M,132,202
46,F,60,204
37,Y,141,166
161,H,47,70
57,I,155,57
35,V,29,94
211,Y,139,151
38,Q,168,189
129,U,179,126
208,Y,203,21
46,L,72,120
149,S,65,226
23,X,211,98
136,P,165,193
216,W,205,193
146,T,95,147
223,X,151,127
48,Y,172,121
139,P,175,68
4,X,178,47
72,Y,80,141
171,N,121,206
132,A,77,55
198,S,232,99
241,I,83,184
241,T,92,164
29,O,208,244
36,Z,90,36
243,H,189,128
90,F,176,198
70,Y,122,76
223,U,224,27
134,Z,182,133
200,C,192,186
169,E,15,52
145,Q,115,64
231,N,47,56
67,U,56,58
20,R,159,185
125,M,94,27
225,B,225,107
181,T,46,164
11,D,69,152
85,Y,63,201
100,S,154,31
147,Z,149,85
77,K,111,17
17,S,216,160
10,V,13,42
145,Y,159,184
207,L,59,250
216,C,45,151
152,N,190,139
41,X,224,188
192,Y,3,249
107,Q,16,85
187,D,202,212
35,C,39,73
101,O,95,46
149,R,42,8
99,Z,29,93
130,U,86,28
67,V,38,95
147,Z,75,116
106,Q,50,151
1,T,156,74
158,D,26,1
153,N,149,142
87,L,124,120
250,P,201,207
90,T,240,2
127,O,110,101
47,R,193,90
194,V,83,80
22,M,46,113
124,F,205,99
162,T,212,138
16,B,203,192
214,T,113,59
34,P,242,42
173,L,150,249
246,R,244,20
186,R,120,185
32,T,229,58
68,Z,136,180
167,D,188,181
34,C,193,23
89,W,27,111
241,M,217,82
182,G,154,156
195,N,229,226
23,I,32,249
209,K,169,137
30,G,194,234
135,H,23,56
8,Z,81,79
183,T,58,161
24,B,56,198
173,U,94,104
118,R,64,185
37,Q,4,192
199,D,130,20
89,T,235,182
140,P,8,156
36,X,194,70
102,J,129,117
89,W,233,11
239,R,142,117
1,Y,32,63
56,U,238,131
9,G,34,117
133,F,71,158
108,C,240,79
155,J,215,108
83,N,235,99
173,G,158,163
73,J,178,52
3,E,234,219
34,K,14,101
46,S,182,122
138,D,157,10
186,L,173,188
175,N,110,83
181,W,166,231
211,W,246,181
16,L,21,231
67,Y,111,188
232,W,99,182
245,P,211,173
191,T,57,137
56,I,67,73
236,H,35,0
97,T,244,154
203,J,47,10
81,U,236,35
232,E,21,41
114,O,54,19
243,P,248,169
85,X,134,77
116,W,176,199
3,J,179,86
19,W,4,243
91,Q,150,73
155,A,99,130
20,R,45,235
169,Z,172,150
138,Y,205,5
208,E,214,44
230,Q,65,209
35,F,154,193
59,G,71,65
230,V,51,228
195,H,205,234
131,W,187,2
204,C,81,7
170,E,146,108
63,C,199,120
58,Y,80,53
110,N,132,99
112,M,32,152
18,W,107,111
200,E,211,134
66,T,174,247
63,A,75,74
219,P,213,93
223,T,206,117
98,H,225,21
155,C,240,248
219,K,104,131
157,H,235,125
9,H,37,5
207,T,90,242
93,Z,117,139
133,U,25,184
30,J,65,103
191,F,179,20
69,J,122,236
205,G,208,223
121,C,133,157
169,G,111,164
101,Y,44,153
197,S,202,124
123,I,22,58
248,M,227,155
193,L,201,218
210,N,103,119
4,A,0,23
95,E,143,15
121,F,242,222
20,E,232,72
175,X,64,164
92,I,51,161
159,W,130,56
39,Z,95,131
98,G,68,132
208,K,195,197
33,S,28,145
5,N,13,108
124,G,0,250
10,T,81,43
116,X,195,229
172,N,192,63
203,G,133,249
18,R,156,210
92,R,131,32
55,G,210,197
141,F,24,25
212,A,211,249
46,Z,35,237
152,H,143,57
202,Y,248,189
200,V,191,55
150,D,122,63
128,A,238,71
152,E,100,69
98,G,31,130
240,W,218,174
135,G,95,216
220,E,138,77
123,Y,55,99
156,G,57,160
210,U,87,236
90,Q,49,178
173,X,30,23
43,B,156,106
112,K,45,198
19,F,224,171
197,R,99,30
35,Q,131,242
25,Q,46,27
168,X,234,240
142,O,87,28
208,B,148,119
56,L,29,225
7,F,85,69
137,U,198,58
42,T,112,213
162,N,76,244
134,Z,33,200
241,K,12,164
22,D,7,192
165,P,73,183
131,V,105,18
118,P,126,114
143,T,203,3
233,N,230,204
111,T,103,81
175,P,205,205
137,E,142,184
194,L,156,167
82,W,11,74
152,L,4,159
6,G,181,129
95,A,74,98
85,X,25,113
231,W,35,0
173,U,102,44
190,I,59,125
7,O,109,32
147,Q,6,130
216,B,35,201
74,G,92,240
86,X,191,40
83,Q,156,126
56,E,208,26
176,G,25,10
241,J,238,233
61,O,180,179
34,O,202,193
18,W,49,161
248,B,182,15
21,N,131,241
189,D,93,30
4,E,55,167
52,V,163,122
196,E,245,65
134,U,220,50
235,B,76,62
238,U,182,16
234,U,238,148
172,M,52,32
178,Q,93,57
95,O,232,192
239,F,51,132
18,U,141,53
229,F,176,126
136,F,113,65
185,M,102,195
119,H,197,120
140,J,97,87
158,T,218,122
213,H,124,231
165,S,122,227
207,H,106,12
234,E,185,140
215,J,106,228
162,W,148,100
235,T,56,122
229,K,90,171
218,N,216,93
50,K,128,178
178,E,4,83
188,X,111,167
164,V,128,223
236,R,4,99
53,F,207,250
180,V,130,232
189,S,242,116
159,K,202,173
189,B,23,169
162,H,128,43
43,M,169,42
42,T,240,119
240,T,25,118
237,S,88,179
9,H,89,197
2,M,162,33
67,O,68,219
146,Z,236,180
43,B,5,178
55,C,224,235
30,Y,33,14
49,Q,134,227
112,N,194,117
249,N,249,73
207,B,242,144
165,R,169,44
82,Q,217,169
126,J,169,23
140,E,105,77
52,M,236,105
231,Q,174,58
0,O,186,31
149,O,190,123
75,V,37,65
91,I,201,164
200,J,241,112
39,D,163,15
156,V,140,146
72,U,234,112
63,V,67,224
212,T,249,26
119,U,88,54
34,M,127,14
23,J,56,159
105,G,102,42
88,F,65,238
134,L,212,153
74,R,69,84
132,M,199,138
208,F,169,58
88,E,243,1
137,U,217,88
184,V,226,222
113,I,85,226
31,Y,112,196
25,J,156,224
225,O,216,13
131,W,239,232
148,D,139,148
13,J,49,50
128,Z,60,61
74,P,217,130
64,S,209,229
122,W,22,194
36,E,61,79
93,D,29,112
183,K,179,119
15,G,186,37
166,B,145,91
172,T,15,198
86,U,191,229
224,T,179,227
65,L,78,204
77,M,155,52
127,B,192,0
69,V,144,35
13,A,236,63
68,N,118,99
28,N,17,225
6,B,194,184
179,L,199,85
76,O,101,158
97,H,22,194
39,C,64,1
48,I,143,119
65,T,243,79
38,E,60,167
214,Q,100,135
241,X,199,157
96,I,116,199
92,C,151,196
196,K,169,36
132,S,239,85
215,M,134,225
161,G,175,118
8,Z,40,92
193,B,229,109
142,P,165,105
149,U,157,122
206,T,198,63
151,K,100,54
35,Q,33,75
220,E,49,79
244,I,122,53
142,M,53,8
248,Q,91,93
247,Q,37,56
188,W,95,76
99,Q,29,120
43,W,198,98
237,B,117,224
104,O,223,125
55,S,212,44
167,L,146,74
11,S,129,163
246,Q,196,147
139,S,176,111
87,V,149,110
199,H,196,9
23,W,175,121
100,A,232,80
192,P,203,155
128,B,6,23
207,V,77,58
20,Y,56,110
56,P,231,222
216,O,116,109
67,V,217,143
23,R,172,230
83,M,142,211
132,S,55,67
221,R,122,97
204,M,124,21
33,A,198,104
95,L,241,223
223,L,149,1
76,B,180,100
14,X,194,120
8,D,48,8
191,P,91,71
181,I,218,247
31,N,47,150
59,L,226,63
176,T,14,134
70,G,115,114
82,K,37,217
8,B,81,2
96,O,150,42
110,X,12,15
230,O,4,188
183,F,61,164
8,X,152,227
155,G,236,10
205,X,80,110
78,S,115,137
189,O,220,217
94,J,233,71
98,A,202,76
4,U,50,112
58,H,212,78
131,R,202,41
169,V,58,36
153,P,61,53
31,Q,95,29
100,V,162,6
218,P,120,243
40,O,48,244
195,O,171,66
119,Z,248,115
118,W,37,113
93,Z,3,36
200,M,92,214
231,J,131,79
112,H,118,90
120,D,18,36
192,U,238,83
245,E,113,149
177,E,4,3
220,X,5,135
158,X,77,221
101,E,84,109
141,X,82,72
163,A,244,112
99,E,120,107
61,T,44,93
121,V,125,30
173,T,81,132
26,F,144,139
221,Z,39,74
18,X,6,84
206,D,206,135
239,Z,128,53
95,O,29,98
101,A,90,71
51,W,14,133
239,P,158,27
179,W,80,24
236,D,58,100
4,R,181,165
39,M,96,110
141,N,199,131
192,W,69,16
47,G,89,46
148,K,189,20
61,S,63,179
159,L,55,130
171,W,78,40
151,E,4,215
220,L,50,202
108,Y,78,9
226,V,194,58
147,M,138,52
196,A,6,167
94,D,200,117
190,T,10,6
105,Q,33,131
33,J,194,53
81,N,229,234
231,O,46,217
140,A,245,23
173,Q,106,3
125,R,137,58
42,C,220,207
164,X,162,152
13,P,229,137
238,P,39,193
28,D,46,175
243,B,152,18
210,O,224,239
199,K,175,91
139,A,73,219
170,J,73,109
76,L,46,2
97,P,111,129
18,G,163,213
66,N,141,173
22,G,160,80
77,W,94,133
8,U,186,70
249,E,164,164
157,T,82,66
144,O,56,87
151,I,243,219
205,M,131,149
67,D,238,233
149,Q,224,40
91,P,191,1
139,A,64,148
242,Z,175,127
129,T,218,156
122,H,219,169
187,M,164,85
154,A,230,242
27,E,190,36
34,P,157,136
235,L,80,189
198,N,210,41
242,D,192,14
51,F,162,215
239,P,18,129
83,B,96,145
182,Q,175,101
74,Q,226,153
214,S,64,225
105,T,87,58
13,V,195,65
13,R,36,227
198,Z,148,79
95,Y,247,84
148,D,99,247
157,P,240,143
110,C,36,81
132,U,96,47
88,R,94,138
67,Z,144,18
68,P,130,176
31,I,36,112
44,L,168,172
196,O,43,66
200,P,93,71
185,A,66,206
202,E,68,245
7,S,23,69
137,M,95,201
147,R,40,10
183,V,218,216
43,X,26,35
200,E,171,70
26,G,211,68
128,Z,139,216
26,R,243,62
171,S,164,194
68,Z,233,193
153,B,249,199
140,T,101,70
177,L,221,33
217,U,228,153
231,W,20,48
102,G,114,220
29,V,152,55
23,O,155,40
196,J,93,150
86,T,40,168
164,Y,142,230
49,S,86,193
101,G,124,117
232,D,42,18
55,T,88,90
63,O,56,38
89,N,65,54
129,W,114,33
152,P,183,236
165,N,244,242
188,D,219,42
22,Z,93,44
161,Y,217,187
11,I,20,53
24,J,164,11
86,S,211,232
222,L,123,102
244,T,210,189
42,Y,192,45
130,K,98,67
183,I,23,27
131,R,95,182
25,U,46,219
180,R,107,27
213,X,161,14
152,E,30,20
167,Y,38,164
229,K,147,246
185,S,139,90
141,Q,128,111
2,P,129,28
184,X,102,232
69,I,97,240
170,S,49,30
88,A,15,151
196,O,190,4
181,Y,201,131
107,C,122,199
102,P,56,55
77,Z,29,82
49,L,151,42
47,R,14,89
156,W,84,176
178,W,41,73
233,B,179,245
106,N,159,21
202,K,162,218
188,W,222,233
135,E,162,19
106,Y,179,94
133,Z,192,61
8,T,74,46
233,J,138,157
203,E,18,166
104,L,79,98
63,X,89,134
131,E,7,90
200,A,29,131
21,P,89,47
33,E,57,44
161,L,217,43
77,X,221,56
28,J,149,147
36,G,219,113
11,E,180,176
1,I,86,248
157,T,139,231
20,X,24,135
222,A,231,141
53,N,101,110
36,L,169,142
31,H,95,248
142,G,62,142
179,B,52,178
10,Y,230,130
202,F,159,245
230,R,187,27
89,M,116,45
26,Y,235,154
154,A,246,126
9,F,126,77
121,B,230,247
41,T,112,169
196,R,102,53
119,V,171,217
0,C,189,112
106,X,140,218
63,S,159,144
172,W,128,18
176,N,95,226
83,P,7,34
245,X,105,1
131,G,165,95
73,P,42,147
215,D,104,21
248,C,10,157
223,G,17,176
222,O,202,245
157,V,19,119
99,O,16,35
168,I,133,50
114,M,4,181
210,D,38,180
131,C,145,107
2,H,217,170
129,P,35,132
225,Y,161,232
171,D,190,82
105,L,178,27
152,T,169,76
247,L,58,87
31,S,209,129
135,Q,161,73
240,Y,119,147
168,Q,136,180
35,U,98,197
49,L,227,205
59,L,161,108
4,Y,30,101
204,I,76,143
139,J,203,40
235,Q,126,199
165,E,153,204
207,A,92,195
28,D,112,151
127,U,236,201
46,O,9,128
225,B,138,225
139,V,99,35
97,Q,118,244
28,E,58,3
70,W,27,19
50,S,215,191
27,X,85,226
101,Q,221,89
247,K,95,210
61,B,215,41
75,W,174,39
75,W,27,69
117,V,148,162
194,U,241,130
128,J,121,141
228,C,69,116
68,Y,47,227
77,N,248,12
110,J,123,130
3,X,167,78
10,G,46,102
1,Z,16,120
12,A,218,105
187,W,135,244
150,S,202,245
37,S,123,176
92,W,50,29
88,R,27,51
59,I,183,106
71,J,134,76
238,K,225,28
132,C,114,204
211,S,165,31
71,O,204,194
222,U,168,230
25,D,56,64
200,A,201,47
210,K,221,44
6,I,82,34
220,F,8,143
81,I,1,132
114,R,46,104
85,D,100,237
221,X,218,97
218,Q,124,49
141,I,104,158
15,R,99,64
152,W,96,123
50,V,192,207
68,H,148,244
215,D,162,198
43,Q,110,162
240,U,37,19
216,G,132,73
32,K,74,183
236,Z,104,235
107,L,29,160
39,D,238,8
95,L,130,173
249,J,245,80
160,T,89,236
20,X,116,106
190,V,46,66
203,U,28,60
199,G,203,138
245,S,189,3
73,V,167,238
103,Q,149,8
33,C,149,183
233,Q,29,64
10,V,215,96
226,B,151,1
94,S,202,249
90,B,162,174
145,W,36,18
10,M,85,67
7,J,61,223
118,X,121,122
176,M,18,208
217,V,218,13
206,S,171,5
223,E,190,204
89,M,83,213
208,R,139,21
54,C,3,87
181,I,148,238
112,I,153,222
163,A,127,21
125,G,122,125
26,H,184,244
119,I,179,73
30,R,201,170
199,P,152,110
186,J,220,85
29,K,67,156
154,G,154,180
227,H,160,150
116,T,189,26
173,V,6,208
184,F,224,40
141,B,199,168
59,T,231,179
225,O,134,53
234,C,212,50
178,X,125,218
158,P,146,59
232,B,45,118
144,Z,218,95
95,I,31,233
119,P,29,26
82,F,201,223
194,N,234,55
1,P,235,223
63,W,18,37
78,Z,222,137
176,D,156,130
12,L,103,146
108,B,110,76
4,C,166,119
196,Z,62,124
138,O,46,77
186,D,98,11
60,D,24,7
39,J,30,63
13,T,231,182
164,A,92,223
112,K,80,180
170,S,218,8
103,U,38,242
110,P,18,203
113,P,66,241
32,N,215,250
170,L,223,105
197,Z,82,41
93,G,225,52
25,C,230,155
171,N,62,25
225,M,244,232
6,T,55,20
163,K,69,230
117,E,75,229
216,C,63,160
126,V,25,35
199,Q,146,75
192,Q,40,58
243,N,74,27
181,R,115,72
44,K,103,89
34,L,20,3
52,C,152,242
163,Q,151,75
56,V,168,77
93,S,226,225
168,W,206,81
243,D,248,91
65,P,65,15
159,I,3,54
250,Z,80,245
71,N,211,141
26,O,169,220
49,T,240,130
41,C,41,211
63,U,75,215
51,X,108,27
127,A,16,123
136,A,188,210
240,R,103,75
140,P,69,207
108,E,245,126
123,O,217,145
72,J,94,223
238,Y,82,126
17,E,26,33
56,H,237,47
10,J,172,215
230,M,130,78
52,P,112,47
43,B,149,12
24,P,166,171
213,O,118,187
137,V,161,150
65,H,172,31
115,J,203,14
126,L,165,243
99,N,245,4
195,U,228,70
225,A,19,73
224,F,194,123
187,E,59,39
216,L,166,228
118,D,78,191
114,N,89,107
67,N,149,143
46,B,121,61
54,K,71,32
215,F,18,37
106,G,34,79
172,W,126,155
240,Z,236,146
44,M,247,4
182,P,142,136
33,K,60,160
157,X,211,179
235,Q,66,227
113,Z,191,121
137,M,2,92
189,K,234,179
44,Q,79,40
205,Q,193,12
57,U,169,249
185,K,168,88
248,K,72,151
88,P,69,234
226,H,135,224
13,X,189,140
37,Y,85,148
92,T,76,8
40,I,51,169
41,B,133,207
9,N,13,117
162,S,35,138
242,P,197,186
247,G,205,145
194,X,169,240
241,L,79,124
157,K,7,188
51,Y,121,184
60,G,184,96
185,G,119,210
212,Q,243,50
58,J,55,163
213,P,190,172
37,F,15,1
185,V,23,82
216,Z,112,56
189,C,108,248
17,R,77,184
220,H,54,34
226,G,214,247
7,N,200,14
243,G,180,235
186,N,120,213
116,W,174,213
34,T,52,35
76,N,110,232
31,R,73,33
109,L,138,216
40,O,106,48
170,H,52,223
185,I,136,138
155,T,89,176
12,G,94,15
238,Z,241,178
194,W,6,0
130,Y,210,124
249,K,7,223
57,A,85,136
20,C,130,31
129,O,135,142
112,K,186,9
112,V,74,219
70,I,123,187
152,N,87,209
77,M,146,158
5,P,218,179
241,N,165,13
15,D,197,130
196,H,186,147
225,W,53,175
16,P,240,238
238,L,133,118
67,B,194,97
134,D,242,152
93,T,212,134
186,O,10,196
1,N,250,2
33,W,67,215
23,U,240,134
0,M,192,240
93,B,33,85
214,V,109,25
156,C,180,113
196,K,17,93
105,V,35,185
166,N,23,104
123,Y,72,79
52,Y,184,107
81,M,24,13
129,V,211,138
91,W,60,29
105,D,239,210
86,I,232,143
217,L,100,226
241,I,211,121
169,G,34,154
75,Y,76,56
15,S,160,138
106,A,195,246
84,Y,31,150
172,O,21,233
199,W,214,226
241,O,122,242
58,C,70,35
173,X,145,95
66,P,86,236
9,V,62,30
166,J,170,24
198,A,174,80
157,Y,77,12
117,U,176,128
121,G,53,226
245,S,168,16
81,K,195,173
102,V,8,198
192,U,25,66
106,Q,195,190
191,Y,22,45
193,I,139,101
234,I,50,231
124,A,145,72
180,B,177,209
170,U,182,86
186,Y,212,150
177,Z,63,234
185,D,148,165
92,Z,122,132
106,N,20,65
101,T,187,59
70,E,192,185
238,O,11,125
25,S,102,60
227,H,78,140
14,D,107,175
83,U,134,81
72,C,135,76
158,X,129,148
145,T,204,71
50,Q,104,114
244,T,132,76
40,U,52,100
1,H,56,85
240,H,153,189
129,B,147,227
201,D,160,191
127,N,131,27
241,W,21,246
182,K,58,28
23,J,141,47
213,P,63,149
105,R,43,246
76,I,230,117
164,U,242,135
96,H,72,29
222,T,172,183
13,L,214,156
157,T,104,201
32,W,41,71
101,W,126,69
100,S,214,212
249,O,83,143
113,D,63,145
180,A,175,214
155,P,232,20
110,Z,60,157
237,E,9,213
194,U,140,215
239,N,199,104
139,L,179,115
85,M,115,49
237,O,27,146
38,N,48,105
62,H,111,99
169,X,133,90
209,B,53,85
240,C,102,48
89,H,181,171
0,C,5,181
153,P,6,52
246,U,55,95
73,N,54,153
159,L,173,250
165,J,166,136
204,F,229,88
171,L,241,88
3,O,154,116
174,D,219,184
9,B,35,159
234,L,112,31
77,T,202,203
3,K,114,197
64,C,107,9
98,S,224,114
250,Q,49,149
139,H,131,91
142,Y,53,106
64,J,213,43
80,I,69,4
115,C,48,215
199,F,22,233
179,J,169,39
27,P,41,231
141,K,32,35
143,E,118,183
152,X,204,92
150,T,219,54
121,N,235,104
88,G,104,15
83,T,214,154
146,I,33,162
133,K,147,227
164,K,35,66
111,F,54,119
29,J,188,124
11,P,128,71
54,V,125,165
250,A,151,54
160,O,15,141
241,M,167,112
137,W,221,230
160,W,29,64
164,M,144,29
173,P,186,122
34,D,125,205
118,J,151,11
35,W,25,37
169,P,175,127
81,I,210,73
124,S,23,120
99,O,37,188
96,L,208,60
145,A,143,30
24,J,93,160
69,Y,195,207
47,C,176,140
150,B,152,208
190,M,115,71
241,J,71,5
116,R,23,64
152,I,209,56
34,D,40,212
138,F,197,1
226,R,80,8
20,L,112,110
241,Z,46,33
112,A,11,196
168,F,138,5
223,Y,214,83
205,G,233,221
139,V,56,218
90,D,221,244
245,C,63,247
150,J,181,41
243,H,126,43
246,J,243,28
72,I,6,105
212,Q,185,102
119,I,243,166
64,E,117,54
215,Z,205,84
179,B,131,219
125,H,250,16
235,R,83,43
207,N,175,176
182,L,48,231
191,Q,40,134
128,N,222,224
125,Y,111,92
190,U,126,248
171,Z,44,221
13,B,112,158
51,N,195,108
28,J,207,194
241,R,239,207
177,D,83,155
133,Q,13,13
194,M,24,234
153,R,226,105
174,J,206,89
162,Y,39,138
215,W,35,241
246,W,226,35
53,X,2,40
112,Q,110,156
141,X,238,8
136,Y,29,133
129,C,46,190
60,G,208,102
58,V,207,1
166,V,31,49
250,T,40,73
167,B,18,3
128,H,39,239
171,O,239,64
64,D,112,72
41,G,107,72
138,Q,207,235
64,C,197,93
107,A,212,125
146,M,94,178
21,F,113,111
208,I,210,118
44,V,147,144
23,B,101,129
132,W,235,34
207,Z,20,156
32,R,14,116
232,B,167,47
109,G,206,115
110,X,73,188
8,F,25,9
190,E,211,171
174,M,245,73
210,C,207,6
249,C,226,26
154,M,188,112
168,A,136,122
32,S,204,105
57,I,75,227
184,R,15,94
32,B,206,114
121,C,54,107
154,C,74,234
71,J,96,104
119,W,84,112
220,I,106,162
111,N,174,153
119,V,36,16
141,E,204,206
228,V,109,1
23,C,122,160
102,O,52,135
182,P,19,132
194,R,55,47
16,T,232,55
157,O,56,128
193,A,99,122
214,L,121,3
239,G,227,122
74,E,193,234
35,Z,195,126
84,V,137,37
105,X,74,131
175,T,53,215
84,L,136,235
3,F,74,155
56,U,221,69
108,T,115,210
45,I,64,111
225,T,240,163
45,D,203,52
153,Z,100,92
146,G,22,219
209,Q,86,9
110,K,243,151
41,W,146,160
93,K,130,53
130,J,24,20
213,Q,235,24
222,D,82,138
81,J,115,38
34,P,80,242
168,A,98,193
243,E,38,112
81,C,128,189
48,O,147,23
148,O,132,4
163,F,228,18
68,K,90,106
215,P,202,220
130,L,230,248
208,Q,12,33
159,O,192,198
47,O,120,102
206,K,111,0
155,V,228,233
3,L,106,62
94,G,97,142
89,Y,198,178
170,G,86,171
78,U,113,62
168,K,126,116
148,B,190,93
105,T,170,220
49,Z,133,187
20,T,145,15
6,N,36,249
186,J,208,193
238,T,102,83
0,L,97,128
75,F,128,141
154,E,63,148
83,X,107,112
62,E,174,154
168,X,245,142
184,H,9,104
151,W,23,110
26,A,187,200
230,W,192,102
10,L,162,130
241,A,248,193
3,A,250,30
55,D,91,90
214,H,219,9
205,J,248,166
187,J,213,158
90,D,42,144
140,W,134,200
44,Z,163,196
238,D,100,211
207,J,245,172
58,T,41,225
214,R,141,125
64,W,37,195
153,K,228,185
115,G,101,152
64,R,39,194
178,V,178,228
56,S,23,186
175,N,98,83
225,L,203,93
80,K,33,119
234,M,46,215
83,G,88,166
170,Z,67,150
152,R,236,71
31,Y,69,92
228,U,6,146
67,F,120,220
134,B,202,214
213,V,173,141
178,G,242,231
57,M,215,191
148,M,43,108
43,G,48,94
39,F,131,201
15,G,138,128
123,I,81,191
139,X,211,32
52,J,137,114
200,Y,223,237
131,U,59,159
50,D,123,116
245,Z,210,128
243,X,102,0
192,D,50,162
103,P,9,245
16,F,62,211
121,B,170,155
141,T,96,155
90,R,115,165
192,H,122,0
130,V,72,137
233,D,103,181
20,S,203,21
226,M,162,76
192,U,189,246
72,E,19,63
72,B,91,183
232,D,51,105
235,S,27,154
96,C,231,154
74,P,194,20
186,B,204,66
178,K,118,37
74,S,163,199
111,T,114,201
202,H,187,18
29,N,21,48
203,B,216,133
6,D,121,73
91,P,171,126
158,W,245,245
241,D,194,115
35,S,28,83
10,A,68,218
59,O,52,216
77,D,75,21
54,Z,177,202
153,B,214,113
243,V,153,86
185,Q,158,13
23,A,111,46
131,X,190,236
242,Q,199,248
29,G,121,23
242,L,56,191
44,W,45,174
104,J,105,86
107,C,35,131
221,B,28,50
115,B,72,33
169,E,58,207
180,H,227,186
19,E,43,51
62,T,216,144
31,J,89,18
170,C,144,215
234,D,132,152
106,J,127,246
149,F,121,82
133,Y,156,35
131,N,25,44
19,Z,8,211
213,Z,211,226
239,A,75,127
66,S,211,159
223,K,153,213
111,S,242,147
11,N,123,199
51,C,146,183
234,E,36,169
210,H,112,185
7,X,99,200
30,W,52,39
185,Q,103,23
30,G,40,103
74,O,62,47
44,O,72,61
196,E,159,13
36,S,112,102
41,Y,47,126
136,W,142,55
217,K,246,162
131,U,117,113
191,A,69,24
100,G,142,159
227,F,130,136
218,J,54,169
63,F,191,147
71,E,110,79
227,Z,46,248
48,Z,115,236
162,L,90,186
15,Y,109,47
232,F,53,181
184,W,66,93
157,P,61,127
47,Q,78,1
35,D,234,122
190,Q,82,61
72,X,141,64
75,M,246,4
150,Z,10,30
222,Y,148,68
62,A,21,212
104,V,15,52
223,F,179,219
32,Z,229,82
235,M,221,67
173,F,179,225
154,N,50,238
177,O,158,25
83,I,27,129
218,S,14,185
190,L,87,190
76,L,10,87
160,Y,197,180
215,P,246,185
169,G,206,53
127,H,70,103
48,V,246,151
91,D,30,154
216,M,213,176
204,Q,198,160
8,V,158,109
142,T,40,227
212,H,165,109
56,R,102,165
3,X,198,95
110,N,59,21
87,L,130,11
143,P,5,226
110,N,43,220
200,R,223,52
43,C,236,196
224,N,37,17
184,V,23,250
23,O,93,26
245,W,182,218
52,M,153,66
141,I,103,33
64,T,182,67
165,Z,17,14
73,C,194,36
178,Z,77,183
202,B,16,213
73,Z,18,157
195,S,138,17
77,K,228,104
77,G,210,87
227,Q,158,205
191,V,182,147
119,O,159,69
82,A,137,163
182,I,193,160
104,N,35,179
157,V,68,35
246,G,228,232
38,J,174,241
123,G,178,58
100,I,166,117
130,S,186,204
244,Q,34,94
213,I,30,54
40,I,239,248
42,N,197,115
185,G,72,131
87,H,97,164
54,K,201,152
56,K,47,115
129,R,113,139
230,L,67,107
61,O,71,105
2,D,102,37
83,G,14,82
118,A,7,81
237,A,236,129
63,U,54,4
10,J,160,98
54,C,237,82
24,M,69,143
219,K,52,41
153,V,188,170
62,U,152,166
65,F,171,149
62,G,210,154
82,Y,87,136
11,D,66,37
136,I,151,203
71,Q,149,104
137,M,154,168
217,N,31,71
60,V,93,212
126,T,113,52
122,O,223,181
102,J,196,111
53,Q,220,224
125,A,40,201
125,L,20,151
31,M,55,197
187,P,129,125
64,X,5,234
166,Y,194,215
95,N,239,229
223,O,145,70
213,S,43,43
126,D,14,155
90,L,201,158
91,S,5,156
41,X,156,208
56,X,81,221
178,M,183,192
68,D,35,144
239,G,89,122
79,A,20,195
129,T,224,71
54,U,130,159
2,E,142,37
24,B,201,76
140,D,189,97
214,V,241,68
177,Q,68,9
137,E,104,152
31,Y,45,87
202,O,207,212
106,H,178,246
111,E,10,47
9,Q,177,250
219,K,158,187
8,P,75,21
103,M,167,13
181,W,124,149
130,K,92,118
100,H,248,245
195,Q,51,86
181,A,68,243
231,B,225,130
76,D,113,240
61,D,220,142
89,K,231,154
28,H,53,175
219,P,146,40
85,B,93,11
188,V,3,190
107,Q,56,51
167,F,39,65
173,O,17,241
6,F,144,95
121,O,186,223
198,X,89,180
6,J,114,153
165,T,192,223
166,R,128,153
121,W,41,45
34,P,133,166
153,N,118,11
9,L,181,230
52,J,106,232
24,Z,240,41
90,U,215,153
91,O,75,61
80,C,126,157
24,K,128,141
139,I,11,250
129,A,32,114
23,Y,208,104
24,N,238,212
160,Y,68,75
170,K,229,217
170,J,209,128
26,V,21,40
93,H,82,107
200,L,190,178
36,B,128,175
149,J,236,229
131,L,105,48
236,V,62,42
233,E,249,205
217,Q,170,193
67,X,70,96
54,E,88,107
37,T,66,8
144,M,46,60
172,H,158,61
123,S,123,17
132,N,215,52
9,X,62,135
49,D,218,31
111,M,20,129
94,J,26,128
13,N,189,1
35,X,49,165
15,Y,238,228
23,Q,59,156
53,Z,52,192
147,U,49,22
195,T,147,60
101,P,19,242
238,T,179,217
223,L,48,231
93,V,47,11
101,O,230,156
94,R,235,191
250,E,70,93
95,A,19,98
42,A,110,66
151,Y,96,23
89,J,165,209
198,I,45,111
7,O,238,191
164,B,160,80
90,D,21,210
244,A,158,34
192,Z,4,232
115,E,77,168
139,X,136,199
72,G,28,45
121,B,63,170
126,M,205,197
104,B,178,32
210,K,69,211
175,H,87,54
207,K,227,119
171,V,220,160
34,U,99,101
219,G,38,83
126,T,235,234
135,K,168,249
217,H,113,225
111,W,160,99
228,E,47,172
1,Y,129,91
140,Y,123,219
4,L,37,168
211,G,2,138
237,G,24,218
104,H,218,154
82,Z,160,164
145,G,149,213
54,R,249,94
34,C,222,65
136,L,82,250
82,N,114,100
86,Z,122,148
148,W,221,195
237,W,176,146
125,V,237,49
183,V,11,13
167,E,163,139
154,W,128,233
137,G,205,35
116,A,128,39
85,G,0,189
202,Q,44,235
200,A,41,237
202,S,44,250
89,N,43,124
178,P,149,46
229,Z,242,230
137,K,68,84
175,G,64,43
217,N,173,219
86,O,79,153
132,I,224,115
228,X,196,241
21,B,150,15
164,L,103,243
185,E,242,36
241,D,134,212
64,J,3,87
221,V,121,152
199,G,53,159
181,R,9,133
209,X,109,53
246,R,35,41
222,N,217,152
129,S,64,72
187,S,129,151
9,J,238,72
184,I,123,59
233,G,54,225
158,R,167,112
71,G,141,55
228,N,51,124
150,A,212,1
60,O,102,227
48,H,99,65
96,U,37,208
145,T,176,201
62,D,168,128
116,G,43,104
97,D,210,24
14,C,0,229
167,X,187,211
144,K,2,10
81,H,133,167
128,I,232,10
229,G,177,189
64,B,165,225
160,F,193,66
182,R,50,246
77,B,83,140
5,R,40,43
26,F,185,217
60,Q,28,5
36,V,194,108
84,O,51,99
40,O,243,242
113,I,43,110
48,B,111,99
13,Z,104,124
107,A,213,86
101,J,105,169
224,P,230,164
37,L,126,114
61,P,193,130
165,U,125,242
85,K,88,128
200,E,233,222
72,H,147,226
100,Z,48,79
107,V,2,143
250,E,120,87
212,Y,193,244
50,C,240,174
88,D,120,85
104,S,107,43
96,B,26,102
47,A,103,47
127,A,177,36
161,S,230,56
23,L,161,181
242,C,233,63
78,E,80,104
103,Y,60,189
227,I,92,111
214,M,21,123
17,U,222,151
222,N,38,19
83,N,102,15
89,X,212,12
41,P,23,117
234,U,90,49
184,W,164,86
37,E,179,3
232,Q,38,176
167,P,187,156
100,G,212,10
8,T,125,81
198,R,246,121
132,L,192,6
189,X,132,14
225,I,146,143
233,Y,85,163
122,A,216,186
187,W,200,225
7,F,153,190
122,F,220,43
133,G,135,139
73,S,105,217
229,D,211,113
31,A,126,167
0,M,127,201
26,I,166,105
197,C,239,162
25,Q,216,194
38,I,36,147
95,Q,89,130
77,W,171,158
55,L,205,195
103,S,165,107
177,H,24,38
187,J,79,166
221,A,13,135
81,B,187,62
88,C,179,214
107,H,6,137
37,B,51,99
17,U,235,180
110,N,121,156
1,C,76,248
90,O,118,124
199,T,52,42
8,D,206,115
150,V,1,17
128,C,207,222
116,C,208,179
175,Q,47,90
46,S,101,24
212,X,116,119
186,D,64,135
202,W,242,86
163,P,66,55
249,O,142,150
217,H,169,192
195,F,169,48
181,V,66,190
174,Z,83,60
124,M,24,176
228,M,72,46
146,P,4,15
182,P,34,231
57,J,245,203
130,Z,32,170
50,Q,233,34
41,A,57,121
55,V,151,236
38,K,165,235
245,U,135,191
209,Y,71,91
119,A,177,151
3,B,120,236
213,V,57,50
23,I,245,187
122,J,244,144
195,U,14,190
119,H,238,120
21,A,8,92
47,M,130,51
63,U,110,170
187,P,229,91
249,U,120,214
114,O,242,56
220,S,67,214
144,O,86,164
231,R,9,31
193,V,248,5
187,T,116,113
112,O,164,157
88,Y,30,89
44,D,40,177
150,W,19,84
231,W,73,167
14,O,8,26
124,C,64,165
206,L,82,179
244,Z,159,15
136,P,143,222
238,H,191,6
211,G,59,97
241,K,160,2
85,P,20,4
185,L,169,99
117,Q,106,145
138,K,239,188
76,X,18,234
188,R,213,150
32,M,184,65
156,N,21,198
104,S,106,70
226,H,214,230
225,W,189,183
159,C,167,118
207,P,49,69
164,Q,50,102
164,A,15,57
36,T,205,141
221,G,150,35
168,R,164,177
124,X,176,166
166,Z,67,16
96,D,110,59
29,K,153,39
159,M,82,103
18,D,249,13
34,P,174,139
0,M,96,205
216,Q,117,192
87,W,187,38
97,N,151,124
94,A,112,11
15,D,112,186
85,P,246,185
172,Y,211,5
181,X,9,49
241,I,233,111
13,W,61,82
141,Q,121,147
181,P,188,9
77,T,141,79
141,M,194,111
179,R,155,39
234,S,3,125
244,D,119,246
3,G,4,63
147,Q,118,59
87,W,223,109
228,Z,208,163
22,D,98,168
174,U,193,12
141,J,46,21
221,O,222,31
108,H,141,21
240,G,135,186
147,L,85,246
10,M,35,89
141,D,125,233
207,Y,238,103
128,F,2,28
122,D,8,249
155,H,31,115
172,S,57,236
58,K,104,103
36,S,126,51
6,D,46,202
210,G,105,3
43,H,1,124
249,S,55,14
130,C,201,111
37,C,18,30
148,C,135,13
203,Q,224,134
128,M,125,124
134,L,37,151
195,K,0,98
13,N,48,121
199,X,210,79
199,Y,0,168
114,M,122,17
172,K,110,49
94,J,30,57
45,G,177,75
144,U,66,61
106,E,165,93
33,I,153,163
113,S,234,183
75,W,52,117
160,W,66,53
98,X,54,35
176,M,203,126
104,N,32,43
195,P,191,225
232,R,185,125
203,H,211,84
139,B,168,155
191,C,45,105
39,J,44,42
199,D,134,235
121,T,169,51
53,K,132,147
140,U,103,141
213,S,60,149
239,R,233,116
87,Q,194,232
43,U,19,17
161,T,220,86
165,Z,171,242
106,I,120,192
230,I,197,207
74,W,18,124
125,C,83,206
112,A,58,36
47,Q,181,217
249,C,133,2
131,X,238,112
58,B,3,146
121,B,5,209
222,Z,158,218
207,I,61,189
53,I,87,78
145,F,43,199
24,D,135,53
87,A,217,123
248,U,133,71
234,X,113,111
84,J,112,145
189,O,160,103
56,O,201,249
203,F,82,209
57,T,203,112
159,I,117,168
2,L,233,7
52,U,168,74
15,P,42,110
181,T,98,189
196,O,129,75
172,S,37,94
40,Q,218,69
179,Y,187,13
41,N,67,116
6,K,31,161
233,W,65,141
230,M,120,36
126,M,243,158
49,I,243,101
129,L,243,239
177,X,203,118
64,W,117,149
132,R,249,122
213,K,235,155
97,C,123,37
21,N,240,53
223,R,181,42
176,C,70,126
231,S,92,128
83,Y,98,96
21,C,177,94
177,N,60,220
187,U,32,82
191,K,159,87
71,B,136,79
181,D,208,163
148,G,98,78
138,S,85,194
148,O,81,86
101,B,234,126
186,D,146,111
241,L,216,219
237,Y,116,145
188,H,163,119
126,J,244,120
239,C,82,212
32,Z,176,85
101,Q,228,241
62,U,7,80
79,G,204,92
88,F,60,143
81,U,157,119
57,R,7,159
218,K,163,32
15,B,43,227
62,N,224,150
223,Z,127,130
81,F,229,81
173,O,123,207
107,W,195,111
234,G,76,43
78,A,210,149
177,H,65,4
188,D,33,114
15,F,166,31
177,Q,179,39
81,W,67,64
162,W,34,5
206,P,242,174
126,Z,8,167
120,S,74,28
23,F,187,28
18,X,191,212
135,V,154,51
94,S,63,188
246,Q,196,66
184,Y,214,37
208,O,221,178
238,U,56,151
109,B,229,56
213,J,241,63
85,F,104,214
59,Q,174,112
40,F,205,46
145,O,175,247
186,C,200,101
127,Q,105,91
173,V,50,165
72,E,206,28
202,D,173,240
207,U,108,151
210,D,125,212
92,T,173,90
149,G,39,218
28,D,27,48
187,D,23,246
114,S,111,49
126,Q,67,78
121,I,121,168
214,P,57,128
199,G,39,76
246,K,103,187
2,B,163,145
101,X,44,205
207,R,81,121
42,K,232,179
185,S,7,105
242,C,222,217
44,I,205,135
88,X,20,149
136,S,250,39
245,U,28,196
230,R,199,109
229,Y,207,51
15,K,246,146
61,I,97,203
177,M,228,147
189,O,13,2
76,J,32,190
64,V,5,31
131,F,209,125
249,G,54,150
224,X,88,242
239,D,130,61
141,Z,209,209
29,K,86,178
225,G,244,29
236,R,110,219
143,F,140,68
35,C,244,131
234,R,232,16
188,H,84,229
183,A,172,178
124,N,155,26
39,S,135,32
132,R,227,122
186,T,31,238
80,R,29,223
4,G,216,1
136,A,14,241
109,N,74,21
33,Y,189,3
238,W,53,83
113,M,12,132
58,G,177,50
125,G,72,228
52,F,244,66
83,O,106,46
190,P,95,198
68,M,77,68
34,A,250,75
112,I,12,155
32,X,244,132
242,D,11,203
190,G,62,36
121,F,78,122
159,G,227,154
87,N,59,119
114,L,155,37
95,N,94,171
227,P,175,55
234,D,108,47
147,Q,88,141
250,Z,206,155
205,C,54,220
211,U,204,61
187,R,170,195
8,L,138,136
120,X,184,198
131,J,8,235
155,T,78,244
239,E,219,174
119,U,169,102
139,S,123,121
41,E,0,5
245,I,240,57
123,I,128,35
166,H,212,128
230,J,16,88
167,X,170,159
218,G,234,234
179,K,175,124
103,E,53,237
65,E,150,108
206,U,160,45
129,R,125,123
212,T,19,176
112,B,10,63
88,W,114,137
91,F,60,118
170,I,245,174
112,B,54,31
168,O,20,214
23,L,147,131
192,H,144,125
145,Z,55,132
197,A,149,68
126,N,105,22
28,V,204,55
111,S,192,171
111,E,80,214
12,U,171,94
238,N,64,11
100,K,24,207
139,P,55,127
21,L,79,205
45,S,62,145
167,S,191,249
13,Y,25,0
81,S,27,221
59,R,61,206
162,G,185,68
0,G,240,182
71,V,64,228
33,W,23,107
26,Q,152,219
45,A,18,175
250,V,209,114
4,S,147,169
63,G,177,173
84,V,193,30
40,C,20,105
191,R,223,137
66,W,227,239
148,R,103,142
44,F,146,172
15,W,22,54
83,M,3,183
139,G,2,142
222,H,130,78
155,M,91,246
152,U,140,149
210,B,206,219
207,Y,57,188
29,E,250,120
71,D,179,18
186,I,212,56
241,C,232,64
205,Z,125,99
6,W,143,96
87,M,184,187
41,D,13,205
233,K,74,17
145,L,238,7
112,I,141,183
89,V,146,115
235,M,84,29
170,G,68,35
82,D,242,41
44,Z,104,221
108,Z,64,45
167,R,230,250
217,C,178,189
171,K,224,48
14,J,207,212
218,D,174,55
79,R,210,84
104,N,246,1
142,Y,238,101
126,T,69,148
32,J,208,31
188,X,26,39
105,A,237,87
240,S,84,66
185,I,138,130
75,K,159,197
2,Z,20,25
183,M,19,34
64,Q,7,182
56,X,224,65
25,P,56,214
70,T,53,206
87,F,160,65
29,F,125,180
96,E,1,101
241,M,7,9
5,O,75,118
164,F,31,170
129,I,241,217
87,S,180,210
68,X,85,82
185,W,153,6
42,B,226,141
145,A,40,139
147,G,236,86
54,B,147,142
196,R,126,114
10,A,81,146
127,S,78,28
99,G,119,94
185,F,249,214
137,N,112,156
81,Y,45,222
84,Q,39,177
161,C,211,133
159,F,240,31
183,E,16,147
27,H,170,226
42,C,248,226
217,Z,103,197
89,N,39,116
119,K,188,147
181,L,223,110
117,V,159,11
54,F,143,213
208,C,41,245
91,J,184,11
57,D,174,196
68,A,228,85
231,S,134,102
188,D,111,72
227,D,200,67
179,J,205,54
28,E,213,38
82,E,132,239
114,Z,237,31
92,D,20,144
185,N,129,186
119,O,185,108
10,I,108,67
182,J,149,103
57,Z,250,39
50,U,72,80
247,U,135,177
109,O,215,135
45,N,65,71
111,B,43,225
117,Z,38,91
0,C,186,32
91,B,167,182
235,W,131,8
31,L,145,2
32,K,38,149
222,Y,42,126
250,B,60,42
136,O,97,127
12,W,234,123
229,Q,171,226
232,D,177,42
12,O,106,225
31,X,32,207
125,G,48,156
205,B,164,236
157,Q,227,75
1,D,82,122
40,I,125,142
36,A,77,41
13,S,114,13
145,D,6,86
66,Q,207,35
36,R,73,110
133,N,175,63
245,Q,136,107
19,L,189,97
127,W,160,79
111,V,194,41
26,F,18,25
35,V,203,87
177,V,162,45
112,H,81,71
135,N,5,42
54,N,198,161
170,M,227,250
207,A,93,97
22,Y,20,49
105,D,120,96
29,A,157,247
162,Z,23,138
155,F,149,139
32,P,45,166
52,K,169,149
17,T,224,6
224,H,190,248
105,N,123,191
75,S,2,162
68,E,10,138
146,O,104,248
37,F,156,82
71,F,209,44
240,O,26,195
131,U,231,101
31,B,142,33
33,M,2,197
145,D,141,105
32,R,41,51
232,A,76,159
167,A,33,95
68,S,114,129
198,L,142,26
194,B,250,115
155,U,235,3
117,W,244,220
104,N,27,131
0,K,53,5
60,R,120,227
70,N,229,142
118,J,81,5
15,S,204,117
100,F,73,79
142,S,232,187
179,J,40,43
61,J,37,240
25,O,245,132
163,A,93,71
145,I,123,55
74,U,59,3
27,K,189,127
219,R,146,81
206,H,40,14
239,K,54,194
45,L,174,230
211,A,186,155
128,Y,103,104
27,Y,167,183
205,Q,72,101
71,Q,225,199
110,G,42,23
185,D,177,27
46,I,219,90
240,J,116,6
8,P,217,141
55,A,7,206
26,Q,149,42
117,B,212,6
22,J,230,173
160,M,86,197
7,M,3,201
248,G,247,181
152,Q,31,42
34,A,136,175
169,U,34,204
10,K,119,176
219,Q,79,250
36,D,195,211
136,D,61,169
30,T,91,195
64,V,217,115
184,Z,152,229
18,U,165,76
109,M,66,60
214,G,55,69
64,G,34,63
22,X,11,26
203,F,5,163
40,I,43,198
172,M,107,53
157,E,83,247
165,D,38,19
185,F,28,21
62,J,92,71
62,F,217,36
28,A,24,58
186,W,214,90
30,Y,151,53
184,E,48,25
178,M,87,205
218,P,138,32
226,T,218,193
225,T,206,140
18,M,137,33
250,Q,24,127
73,M,141,194
66,V,9,93
189,O,186,175
82,K,62,7
93,L,242,161
170,J,237,246
14,K,139,145
87,G,81,1
59,J,225,219
87,H,6,237
47,D,136,52
134,X,43,217
110,X,196,52
160,F,103,6
128,H,243,176
153,Q,214,141
164,T,77,234
12,A,8,141
104,L,179,208
192,U,22,181
31,Z,193,2
184,P,38,149
145,S,72,38
78,U,244,95
132,M,184,86
73,O,41,182
4,R,227,90
138,E,235,218
194,J,169,71
115,D,20,200
43,N,118,119
130,H,193,217
206,R,47,136
5,P,63,21
20,T,176,118
138,A,159,129
159,Z,143,111
43,I,144,164
173,D,76,125
241,D,201,220
49,Q,65,220
85,P,24,244
159,J,164,144
213,J,81,71
240,G,176,119
88,B,195,233
200,X,200,24
201,E,47,239
58,P,65,29
10,I,186,207
216,W,59,120
96,A,28,85
122,F,69,240
66,Q,215,35
80,T,54,64
141,T,32,220
57,I,184,39
228,H,88,112
216,B,97,56
31,O,87,38
93,W,77,243
26,A,88,13
206,M,209,59
232,I,67,187
201,I,19,215
90,F,6,179
4,C,189,3
68,B,136,18
110,Z,17,226
221,U,171,161
72,H,28,95
72,C,4,158
200,S,87,20
138,R,110,43
9,T,32,93
96,I,141,224
227,C,180,109
137,X,126,112
81,T,139,51
22,D,164,42
141,X,211,86
7,S,60,15
88,W,44,207
185,Y,153,4
87,M,237,96
148,D,166,230
154,B,74,75
143,N,25,103
111,L,187,142
120,X,144,104
54,V,24,80
167,X,12,62
151,B,44,216
60,D,58,131
100,H,215,36
207,L,166,57
230,D,243,158
218,R,4,5
68,Z,234,87
204,T,64,204
79,T,241,206
78,W,22,157
151,R,133,140
176,C,243,156
32,I,229,177
25,M,129,91
202,E,80,181
182,U,145,117
150,H,0,133
204,Q,27,34
138,B,27,93
129,R,120,81
156,Q,130,68
51,I,94,213
67,Y,40,85
211,B,132,24
123,C,188,40
67,I,117,132
110,E,13,107
125,Q,249,79
228,Y,34,138
43,L,96,9
234,O,220,179
96,U,73,105
118,A,84,216
98,N,216,9
163,L,88,138
186,M,167,144
164,N,63,87
6,P,225,190
6,P,178,81
243,Z,157,55
192,B,89,180
50,O,184,243
93,I,157,135
30,W,175,54
167,U,224,17
205,O,59,90
228,C,67,171
217,Z,115,90
163,M,129,180
231,V,86,12
212,S,216,65
190,P,39,235
152,J,93,222
1,U,71,18
160,U,177,234
49,Q,98,28
67,G,236,12
235,C,156,126
230,W,161,0
150,D,23,41
145,Y,51,173
150,K,33,85
18,J,14,235
192,C,218,127
95,U,206,166
89,L,204,46
177,P,173,238
109,L,59,241
171,N,65,92
170,S,163,234
166,U,118,66
211,G,76,13
224,Q,106,30
55,Z,101,210
205,O,41,92
174,T,56,148
100,L,249,108
241,J,79,240
96,T,35,24
199,C,164,49
167,O,38,106
57,T,209,249
237,B,159,168
122,V,128,24
91,A,71,28
151,V,176,17
35,P,67,89
43,J,33,87
91,D,31,187
193,X,135,74
18,M,44,82
93,J,78,80
223,R,117,166
25,N,131,74
229,I,206,112
96,U,156,97
101,F,131,91
115,A,36,67
18,Y,143,205
218,T,216,76
7,Y,48,56
180,X,190,168
150,H,212,5
201,K,125,174
56,T,142,5
80,P,117,231
66,L,116,149
180,Y,160,85
124,P,84,0
194,G,101,176
77,D,68,182
143,U,162,186
48,G,79,136
235,E,21,222
210,K,16,68
133,K,50,88
212,P,48,225
175,K,194,190
42,H,158,53
179,J,26,29
6,W,162,105
218,T,1,102
115,Y,227,112
81,Q,143,12
241,K,196,247
183,K,230,181
223,O,31,104
28,C,171,81
245,D,65,94
51,G,41,179
115,F,94,61
102,P,62,130
151,G,240,13
133,C,74,40
248,H,224,116
40,E,216,1
104,L,169,138
12,O,103,167
240,D,28,215
11,O,102,194
196,M,242,45
1,W,82,47
162,B,50,246
17,C,183,66
15,C,136,139
215,N,228,159
46,S,227,223
236,I,216,76
15,S,232,213
60,Z,238,170
10,I,124,212
148,Q,52,138
217,R,141,213
224,M,226,33
25,I,157,123
161,R,119,207
162,B,76,219
84,N,9,54
155,R,149,75
86,Q,99,117
223,G,84,113
172,U,6,33
102,G,7,57
167,C,144,212
171,X,60,226
204,N,90,172
141,P,117,13
146,R,24,187
220,R,121,129
76,F,76,150
154,L,203,193
51,F,118,93
87,H,162,75
164,S,36,116
104,I,244,27
192,T,164,242
32,W,34,107
196,Q,137,192
130,Q,104,115
125,L,199,216
249,P,139,87
114,G,238,55
223,M,45,242
89,A,201,175
119,R,66,29
4,V,67,196
130,X,103,177
80,C,109,104
58,D,24,26
217,N,56,205
65,F,25,224
107,U,70,115
156,V,138,129
183,B,92,13
208,J,8,72
156,H,100,182
87,Y,42,236
124,W,19,11
150,J,195,37
56,T,2,4
234,X,212,231
190,E,191,108
110,J,63,24
67,C,173,202
220,T,54,13
163,H,154,113
58,H,75,29
113,F,175,138
227,D,188,183
227,I,2,130
237,N,220,4
187,E,73,152
67,K,51,132
164,D,68,26
151,N,217,85
8,W,231,207
18,Z,153,9
116,T,39,202
106,X,122,7
237,A,227,57
140,K,235,205
235,E,71,212
149,C,158,222
84,P,82,183
16,D,144,65
125,L,200,249
248,Z,124,153
124,B,10,12
61,T,113,148
20,Q,157,96
138,K,211,140
219,S,141,201
20,O,45,206
156,J,189,233
216,R,64,102
220,R,85,235
61,R,177,170
88,D,16,233
198,M,95,214
75,D,221,114
238,J,71,41
24,A,199,187
131,O,215,131
159,C,226,241
158,Q,206,14
230,S,147,173
73,R,108,105
99,F,77,46
122,J,63,156
111,F,17,132
18,U,239,68
241,Y,185,50
107,H,23,147
155,R,226,108
231,P,78,29
131,S,80,220
247,V,39,43
190,D,201,232
228,K,73,62
212,N,182,30
90,Q,46,49
103,J,122,163
242,V,179,204
27,Y,14,225
80,F,134,45
40,T,110,177
124,V,100,148
231,L,166,116
179,J,81,122
244,X,56,156
121,S,42,36
155,A,63,65
181,O,94,98
5,S,102,151
110,J,235,14
129,U,228,228
60,A,90,85
248,G,230,121
247,Q,130,79
11,N,64,90
67,V,172,191
173,K,222,7
7,G,66,145
78,T,204,1
89,W,67,40
15,C,194,6
50,Y,206,21
99,Z,156,217
218,V,126,206
16,D,177,183
19,I,83,184
53,B,47,115
23,D,183,124
244,B,94,115
80,W,201,56
117,Z,18,202
8,P,113,218
185,D,185,42
138,Y,202,120
93,W,6,192
159,J,193,174
180,D,210,112
88,S,7,223
41,G,152,211
81,G,171,118
98,Z,124,185
80,Y,154,197
142,Z,87,117
67,I,195,22
2,V,248,31
41,A,13,194
246,D,48,235
233,H,98,224
93,L,39,78
0,V,32,173
205,Q,125,100
10,K,91,245
192,W,67,187
185,Y,65,2
18,G,195,39
177,Q,72,71
34,P,45,139
43,O,141,244
160,C,161,50
107,R,150,117
35,S,114,94
62,S,62,10
245,F,17,215
26,L,241,93
152,P,95,81
230,E,127,45
14,A,94,158
43,C,44,113
8,O,180,187
135,P,106,122
225,B,175,221
249,S,54,134
181,V,57,221
27,J,241,124
243,B,43,26
111,Z,236,54
226,C,26,35
91,Z,115,76
121,K,243,124
200,P,203,149
169,C,237,171
157,A,69,142
53,R,85,221
23,E,17,164
65,T,224,214
79,K,222,22
88,F,68,54
37,I,213,229
72,Z,153,135
166,U,110,166
177,I,229,176
93,N,4,204
168,E,198,170
205,M,108,3
141,H,184,42
139,S,41,0
157,W,25,222
117,Z,87,51
36,R,140,213
10,S,48,193
58,W,15,222
243,U,12,129
234,N,195,28
20,Q,239,190
34,Q,109,75
247,G,233,163
140,D,161,216
61,K,7,82
26,D,124,48
19,D,50,50
98,B,15,37
32,O,216,99
206,U,242,188
131,X,184,69
86,I,106,143
199,E,247,34
161,T,84,149
169,Y,19,60
122,S,232,90
40,S,115,187
236,D,104,247
119,G,209,98
243,E,162,104
179,P,146,110
240,J,194,129
151,L,51,199
244,O,40,235
120,L,244,246
237,K,145,129
167,T,44,226
108,O,52,165
70,K,66,100
190,L,48,247
240,C,165,20
108,B,230,57
48,S,133,96
108,Q,129,191
203,D,55,202
15,J,105,137
45,F,220,220
74,Y,56,73
101,E,43,239
219,W,28,143
224,M,115,111
48,U,27,10
202,W,165,39
143,M,170,157
135,B,85,108
128,J,153,143
210,D,188,65
55,X,3,104
103,R,0,42
128,R,108,104
210,H,155,101
149,U,223,84
25,I,118,63
87,Q,180,168
65,K,211,38
237,S,137,60
181,S,157,130
101,M,196,69
233,D,134,53
180,G,135,90
52,O,104,107
39,Z,163,53
140,P,234,235
228,S,191,241
209,O,244,27
176,R,82,34
245,N,198,58
172,J,90,250
25,G,176,156
150,I,218,33
249,V,137,112
130,S,30,92
47,P,238,204
25,W,2,246
132,I,180,235
65,A,40,122
27,S,234,133
37,N,189,246
67,W,45,191
69,W,39,214
222,C,86,36
133,Y,208,132
233,W,91,61
33,Y,29,167
231,W,115,215
180,T,95,235
176,N,152,19
186,G,177,144
180,Y,92,166
59,D,190,10
36,E,75,111
41,P,129,195
54,L,23,248
170,G,95,78
188,V,199,147
139,T,236,213
162,F,229,135
130,D,116,161
220,Y,159,93
189,B,209,224
66,B,56,247
220,T,176,157
29,V,130,249
100,E,36,210
66,W,114,225
144,P,93,218
155,S,229,101
119,R,196,92
128,F,113,53
198,E,128,54
229,Z,142,36
2,J,115,89
89,F,217,230
159,B,23,199
58,M,37,236
20,N,210,90
9,F,26,29
142,P,46,60
64,W,233,203
56,S,13,200
14,Q,118,159
172,E,130,67
221,N,58,1
16,H,88,204
40,I,16,114
149,S,34,239
234,X,14,61
128,Q,88,138
227,Q,18,119
83,H,56,77
233,S,20,223
18,B,9,5
78,M,118,159
136,M,105,46
188,N,96,5
177,Z,167,243
229,B,104,178
95,C,162,152
89,N,176,177
160,N,150,124
59,F,52,233
55,I,38,73
72,L,215,193
51,R,102,142
0,R,142,169
201,W,162,16
122,X,222,148
156,N,101,21
87,W,35,106
100,F,214,158
210,U,2,164
9,C,78,22
234,O,33,63
228,P,28,19
121,K,86,164
33,M,17,208
113,T,214,81
67,Z,13,15
150,L,69,224
27,D,147,197
45,K,199,185
27,Q,159,22
118,U,250,211
183,M,127,223
16,U,176,55
76,L,196,23
66,M,50,102
175,Y,242,5
155,N,126,10
139,N,125,100
202,P,73,214
244,T,8,17
158,R,186,57
44,A,228,110
240,T,32,67
125,J,61,214
165,Y,231,15
124,N,95,113
159,E,121,146
93,R,78,46
189,Q,90,34
62,U,154,145
43,T,11,202
46,J,139,174
219,U,72,105
10,E,112,30
58,X,231,80
97,Z,227,41
83,X,75,48
110,Q,192,158
162,E,57,138
230,K,37,177
63,F,87,144
106,R,8,158
247,G,5,234
211,D,193,12
39,O,118,149
177,K,39,184
191,K,247,190
250,D,93,149
192,A,180,34
151,H,200,12
17,J,129,63
205,W,174,67
145,C,173,148
16,C,228,175
190,R,15,56
196,Q,189,188
250,B,177,15
46,S,77,181
41,L,136,156
245,L,234,206
15,X,81,116
14,A,65,27
177,J,109,160
27,C,144,17
222,D,29,186
30,B,4,138
183,T,118,32
186,Q,140,237
189,Y,250,131
168,I,42,207
177,K,161,27
174,H,19,176
57,Z,100,233
108,N,122,205
172,X,150,83
96,Q,132,56
219,W,174,56
164,E,224,199
65,L,226,66
100,R,167,10
20,G,128,7
199,I,233,39
222,R,117,228
194,V,142,216
147,U,59,198
84,W,109,235
82,W,157,247
30,K,87,199
226,H,15,77
4,S,59,117
153,H,121,4
41,R,144,243
158,M,241,238
86,T,225,150
212,P,238,34
91,O,103,31
235,L,222,227
36,Z,224,94
146,K,76,219
212,X,201,0
137,R,0,67
216,Y,143,144
112,R,37,28
227,Z,57,122
94,T,166,57
61,X,45,89
119,J,48,230
126,K,88,21
91,B,177,34
94,T,131,203
7,F,126,183
172,B,248,219
157,W,41,154
59,R,169,66
77,G,130,25
228,D,154,243
13,A,16,131
199,S,15,123
11,W,129,58
72,C,19,74
174,P,54,129
211,O,250,30
157,Q,225,92
242,F,1,193
205,H,39,141
193,I,208,44
225,L,159,206
27,Y,241,33
139,H,204,5
172,V,54,178
89,U,124,103
92,C,131,154
71,A,195,207
243,P,87,32
230,Z,202,74
235,V,86,84
149,I,154,34
51,G,162,31
101,J,195,125
9,B,113,113
94,O,13,142
243,H,153,223
243,Y,177,149
189,Z,46,187
246,O,171,157
98,R,237,160
232,Z,246,43
144,Z,152,201
224,F,95,68
180,O,156,227
55,F,32,214
64,D,138,213
25,O,242,140
138,E,78,18
216,U,107,140
209,N,41,206
215,B,125,167
38,N,57,10
193,A,170,3
115,Y,111,171
94,P,204,34
31,S,138,27
112,A,29,231
187,F,62,105
70,L,103,7
139,I,117,155
207,K,133,12
26,P,244,65
20,P,57,42
59,W,139,222
177,Y,28,29
136,K,69,117
197,F,13,202
215,J,210,167
136,K,230,155
154,L,100,108
146,E,214,41
164,L,5,15
152,Q,246,212
203,I,54,164
239,D,11,130
7,S,186,242
87,Z,105,156
54,Q,16,94
162,G,14,38
243,I,170,56
214,N,157,10
107,B,140,227
232,L,243,84
127,X,214,165
72,L,140,19
121,Q,240,14
100,R,172,235
136,F,231,155
183,L,86,189
247,X,157,27
243,S,210,168
43,M,246,152
217,A,76,14
53,T,180,229
215,I,50,34
158,U,143,53
215,Y,162,225
0,C,155,166
122,P,238,125
119,Y,26,240
36,Q,192,60
158,G,66,8
74,L,29,243
246,A,37,61
163,W,244,81
246,I,34,64
166,A,22,79
196,Z,241,151
156,I,106,202
239,Q,140,161
203,G,235,106
135,N,54,214
174,H,124,69
141,O,65,162
165,I,55,82
98,T,93,29
19,B,80,164
185,E,49,10
231,O,189,102
55,Z,77,178
104,H,137,202
11,X,27,63
236,Q,177,226
140,I,200,138
101,L,94,133
231,N,205,160
243,G,227,89
144,W,219,16
98,M,219,186
202,P,91,109
39,F,125,167
241,N,143,160
106,G,43,17
136,B,246,168
77,I,150,231
86,F,110,77
94,F,58,234
218,J,176,0
77,Q,189,76
51,I,175,245
91,X,55,203
29,S,186,21
209,S,5,223
8,O,100,217
57,E,193,34
196,I,122,223
139,I,47,8
133,V,73,135
47,Y,53,125
133,H,220,169
129,G,63,18
6,S,165,14
162,K,22,195
40,U,76,179
189,Z,244,134
118,I,229,45
240,E,192,192
167,N,210,73
91,I,29,189
47,U,54,218
46,Z,2,61
58,Y,1,84
227,B,242,180
1,M,133,192
29,C,36,125
239,K,23,126
204,K,150,26
226,W,247,16
223,O,23,250
128,O,92,198
184,V,102,151
78,X,68,195
63,U,218,3
39,O,186,218
149,O,9,166
128,K,172,123
15,R,161,167
130,E,78,168
122,M,95,107
195,M,49,150
119,B,181,17
213,H,248,158
67,C,206,215
115,L,210,209
80,O,31,30
225,X,149,7
56,Y,80,187
218,L,128,188
49,C,162,134
127,A,117,11
207,C,250,11
55,X,157,180
100,F,39,90
108,K,233,148
166,I,203,20
116,G,139,200
142,Q,126,123
226,Q,72,52
237,R,196,245
49,N,185,242
29,E,132,123
182,Q,126,236
242,Y,151,84
243,L,170,46
48,L,76,99
114,A,77,158
238,Q,191,104
232,V,59,21
119,Q,211,177
141,X,249,238
222,O,33,52
215,O,123,119
225,V,153,135
222,C,168,13
144,Q,205,137
159,Z,179,116
188,B,18,132
122,H,91,155
4,Q,116,137
20,Y,62,240
238,L,89,84
228,W,164,74
148,Q,92,142
209,Q,64,26
200,W,183,112
121,I,77,117
137,M,168,40
161,I,108,26
60,X,188,206
28,V,246,140
41,B,226,79
37,R,57,42
74,J,183,181
56,E,73,45
126,C,17,69
147,R,91,138
40,K,17,201
142,O,161,164
177,E,104,66
163,D,189,39
35,Z,198,21
229,J,124,6
229,L,1,18
15,J,199,102
101,Q,116,213
45,Y,206,98
87,G,233,138
170,U,170,222
221,C,106,203
135,Q,82,184
117,B,190,250
204,R,186,145
245,P,187,85
244,U,210,239
85,Q,59,69
234,O,181,111
122,S,247,13
162,H,141,30
174,E,73,232
215,T,184,47
138,N,166,51
88,W,155,229
24,P,99,46
175,C,211,235
73,B,72,185
193,L,131,86
224,D,249,247
233,X,131,49
185,T,52,160
239,D,21,157
60,E,201,130
98,K,124,3
36,A,68,9
242,O,74,153
217,K,29,169
17,F,91,73
43,S,94,128
56,Y,235,232
104,N,242,177
194,Z,64,38
51,Q,72,222
120,E,11,172
90,P,39,182
10,F,177,114
1,R,180,204
56,Y,201,247
137,P,1,168
193,N,189,250
65,C,142,228
11,I,123,56
243,C,192,23
188,W,166,73
45,O,131,236
82,H,38,175
12,F,203,146
236,H,4,91
203,F,23,126
124,E,111,80
111,L,248,29
58,Z,176,166
43,V,168,152
245,G,149,140
206,F,124,17
32,Y,36,2
207,O,37,233
213,A,176,223
189,Q,64,92
159,Y,109,43
246,X,198,211
106,H,141,154
70,D,233,216
229,C,66,58
247,P,234,176
133,A,237,3
215,P,11,230
240,X,161,5
89,H,176,137
27,M,120,151
207,W,87,181
185,J,183,176
129,H,17,59
236,P,249,44
235,A,75,15
170,A,126,33
189,W,227,231
137,Z,206,6
106,I,58,150
197,T,113,124
114,H,159,122
162,R,2,78
124,H,102,60
238,L,106,33
80,H,203,86
161,F,76,157
195,Y,99,232
204,L,148,20
183,F,245,244
4,J,55,28
81,X,194,93
96,J,2,134
157,S,65,46
198,A,166,203
6,I,166,79
116,F,234,14
228,I,102,170
142,N,54,57
169,F,164,124
187,W,171,204
107,C,18,223
5,O,175,209
236,C,17,223
225,Z,16,22
77,F,250,26
156,J,202,234
59,S,239,229
199,M,211,115
135,K,98,207
59,X,176,209
195,I,117,25
35,M,39,96
46,O,163,34
5,L,48,20
71,D,224,241
127,T,245,167
1,O,82,123
90,L,70,217
86,R,218,86
34,H,126,220
237,D,183,245
51,Y,228,61
61,H,167,142
216,O,173,166
201,P,13,135
177,H,69,184
79,Y,249,92
204,P,228,124
65,K,8,180
26,J,152,151
82,Z,109,8
227,M,71,147
199,Y,33,17
79,W,97,194
181,C,94,21
159,W,24,102
208,S,121,196
147,J,69,151
146,C,103,58
15,W,31,10
175,E,204,62
72,Z,215,136
163,N,65,92
239,Z,182,207
240,F,35,89
106,V,196,89
144,W,179,70
69,F,96,72
109,I,82,145
223,F,167,155
210,X,158,42
171,W,221,247
101,R,183,77
206,U,191,174
224,J,239,105
155,H,17,246
36,D,39,31
90,S,75,130
157,Q,112,109
80,X,12,80
126,O,178,208
235,Y,224,99
107,E,185,170
116,Z,95,101
43,F,136,85
52,D,237,135
37,G,186,198
135,W,34,63
37,N,158,160
164,B,235,25
173,C,70,23
46,V,196,132
108,T,51,66
76,D,73,44
113,T,22,41
21,R,168,94
79,V,161,236
28,U,102,55
81,N,70,171
90,N,238,250
117,K,131,199
211,Z,108,238
188,D,11,42
223,L,131,85
200,U,117,84
38,C,200,5
108,H,83,81
176,I,118,158
245,U,0,176
16,E,49,3
233,R,79,79
212,B,94,48
66,W,140,215
142,O,56,9
87,J,137,22
195,X,238,138
135,Y,234,140
72,Q,222,91
120,M,238,216
67,N,43,56
242,H,233,183
136,M,180,94
173,K,134,241
43,K,90,102
22,H,222,118
83,F,241,65
197,M,8,195
6,G,115,101
28,J,73,94
31,G,110,236
229,R,171,14
91,Q,9,181
226,Z,13,24
124,T,161,154
36,K,128,167
242,C,1,29
89,I,15,93
59,L,223,104
87,H,74,134
83,N,13,32
153,O,123,168
87,S,230,94
165,L,203,92
228,C,229,108
75,X,43,249
236,T,25,134
213,A,38,14
126,B,92,142
204,Z,228,29
59,G,165,50
235,X,63,143
194,S,65,208
56,Q,36,45
238,A,195,230
58,W,240,86
105,P,202,34
228,O,240,161
192,D,182,109
150,N,31,55
96,Z,24,137
229,J,157,172
102,P,128,33
205,G,222,98
195,T,15,15
31,B,204,2
244,X,239,6
33,J,123,23
106,G,7,126
162,Z,69,161
154,B,95,187
57,Y,73,187
186,W,104,40
223,Y,24,228
9,F,93,29
1,I,110,205
89,R,77,26
185,T,248,234
71,Y,164,167
176,S,40,75
93,X,21,9
16,H,13,64
108,L,232,185
122,T,199,131
111,F,188,116
72,J,12,89
63,W,27,43
77,I,138,86
164,P,171,19
8,M,107,158
90,N,26,28
0,Q,132,150
84,G,225,185
136,X,207,140
138,N,250,246
172,C,7,205
1,K,174,105
25,L,240,26
111,Z,1,178
145,B,54,149
198,O,61,87
119,O,140,171
93,L,165,179
221,A,151,208
78,N,241,68
129,U,46,75
13,J,168,115
105,C,27,5
202,M,222,236
235,T,18,110
28,H,5,17
10,D,122,238
1,R,66,131
160,D,41,144
154,J,4,92
48,K,52,157
223,Q,173,55
8,K,179,73
131,Y,124,127
236,Q,26,83
120,I,6,212
16,A,184,250
180,N,56,221
156,I,199,205
219,C,96,166
106,I,182,187
246,G,144,14
85,X,95,133
59,U,66,222
63,A,128,9
49,I,175,210
166,I,182,213
156,W,241,172
203,Y,22,182
98,X,6,131
83,N,143,209
237,Y,250,153
107,X,124,119
218,W,192,51
235,Y,0,228
142,F,172,61
153,Y,82,204
135,E,101,63
126,A,222,213
26,Q,51,97
69,X,5,94
248,R,239,143
33,A,186,52
117,E,223,232
93,C,178,198
48,M,73,118
190,W,183,6
44,E,117,71
206,E,181,128
15,V,43,248
198,G,57,28
237,V,206,132
127,J,112,228
48,K,48,249
100,R,218,121
38,S,249,27
220,M,84,31
240,J,128,114
177,T,49,82
183,V,62,185
141,L,218,79
0,E,181,89
39,P,152,37
94,H,54,28
60,F,131,143
2,Z,134,146
107,R,187,28
49,D,123,17
183,Q,131,191
18,P,129,14
209,O,119,40
168,B,216,55
42,A,79,119
117,T,217,7
163,W,215,117
101,P,2,195
112,R,234,155
27,M,124,40
182,T,231,193
244,J,207,240
33,G,112,168
112,P,216,159
62,P,52,18
199,E,201,137
64,P,234,235
45,K,228,47
87,X,66,233
160,A,240,121
159,U,145,154
30,R,142,214
88,Q,134,21
124,M,105,77
26,U,69,1
60,J,60,59
49,R,47,217
110,G,143,147
95,Z,129,248
86,D,90,174
152,O,162,201
149,P,210,59
117,E,16,232
131,U,103,110
114,N,2,57
230,T,170,102
14,G,157,223
218,Q,134,14
78,T,191,102
85,W,35,162
189,K,3,44
115,J,111,17
102,K,244,245
209,O,199,33
85,M,178,25
112,N,218,210
210,V,100,30
29,S,91,129
55,D,154,110
66,Q,84,84
190,O,233,43
76,P,145,119
22,V,232,40
199,M,48,6
228,N,138,202
209,C,207,220
117,P,59,208
178,P,114,59
40,E,165,235
62,K,82,209
106,G,218,184
191,V,93,239
185,V,136,234
175,L,244,29
211,S,149,166
217,F,205,239
132,U,237,241
5,N,228,231
73,R,160,117
247,U,219,181
81,Z,190,214
128,N,207,216
149,R,98,20
10,N,80,60
242,Z,130,50
90,U,14,198
216,M,55,232
223,T,33,134
163,W,161,144
246,F,110,147
50,K,21,164
217,F,214,141
163,J,53,23
140,F,158,78
128,S,28,116
162,D,214,182
92,E,222,83
217,Z,19,93
185,W,214,13
150,J,108,132
237,G,61,246
33,Y,1,213
38,Q,219,54
101,P,81,108
126,S,117,41
135,G,103,202
57,A,2,200
152,W,217,99
42,E,24,217
35,B,121,57
227,K,94,78
99,F,45,171
124,B,75,54
135,U,18,70
9,P,61,94
110,Y,233,220
161,Q,147,23
153,A,56,181
242,R,92,8
63,B,70,167
51,H,28,115
118,C,81,171
36,L,234,227
85,K,28,202
214,M,189,213
118,W,37,145
199,I,220,136
212,W,125,114
23,L,121,228
38,R,96,122
176,K,55,170
111,T,120,160
224,Z,174,112
181,C,27,60
11,Z,71,136
218,R,52,225
129,H,216,246
82,E,14,217
169,K,56,223
30,H,38,122
199,K,225,113
44,J,72,239
227,M,180,117
237,Y,19,31
174,G,72,135
120,B,2,240
165,C,36,76
114,W,150,18
120,W,200,40
111,W,62,169
153,C,109,230
72,M,140,45
209,X,109,40
101,I,17,213
60,G,162,89
29,L,185,108
89,P,157,228
230,G,35,40
188,J,92,53
174,Y,182,64
158,M,151,88
249,K,8,150
227,N,164,48
170,V,141,152
21,Y,185,2
161,G,99,59
163,W,49,109
71,J,245,57
240,X,91,161
239,D,135,27
149,D,38,75
5,S,71,145
207,N,40,159
5,L,43,247
249,Q,134,24
127,D,130,239
2,Z,137,1
134,U,245,225
230,H,120,241
196,G,140,52
89,N,130,88
43,G,138,93
146,Y,138,139
69,Q,120,231
50,P,89,248
172,C,72,140
110,F,11,69
19,M,103,224
27,P,34,151
25,S,249,164
65,B,156,159
84,L,160,108
70,L,30,4
219,M,8,89
125,A,12,79
230,P,155,230
139,O,189,124
198,D,223,90
117,C,219,235
178,E,0,13
104,N,126,187
221,U,5,14
105,V,169,134
153,A,132,136
163,V,187,134
155,K,0,196
130,Y,110,248
194,M,36,202
122,S,237,109
186,Z,169,209
82,V,74,97
200,L,127,49
132,W,167,216
92,I,116,142
234,Y,142,101
224,G,98,37
0,I,18,120
16,S,136,6
202,S,75,148
246,V,227,198
74,G,222,121
231,K,93,138
112,V,20,176
199,S,14,114
207,X,30,39
176,H,74,158
19,Y,80,189
28,D,72,122
165,L,12,246
204,C,195,72
98,M,45,195
95,D,82,204
172,F,132,151
10,X,129,67
241,Y,123,213
87,W,147,160
211,A,6,243
126,O,11,58
100,G,221,245
138,D,206,222
49,V,236,21
208,F,85,148
36,N,80,218
50,S,21,38
247,J,40,21
40,Z,73,3
73,F,2,47
179,K,236,0
16,V,143,62
204,Q,249,50
194,H,113,73
250,U,190,81
139,X,20,151
175,A,102,206
41,U,151,246
87,Q,228,35
108,J,230,191
168,Z,180,128
206,P,114,77
191,S,114,178
173,M,190,109
100,N,27,217
11,H,185,228
3,A,169,87
235,K,163,134
25,W,81,72
67,Q,36,103
193,S,25,210
200,J,209,72
186,Z,32,34
104,S,39,181
58,D,108,180
237,W,121,34
218,N,201,45
97,N,239,177
235,P,109,130
87,W,188,160
167,F,162,68
178,S,208,127
51,Q,140,199
65,U,60,215
138,F,248,240
48,V,240,239
134,S,107,101
85,V,215,206
29,C,137,228
214,T,19,42
207,M,52,213
93,D,244,45
82,Y,212,59
24,A,25,13
237,B,60,117
26,Z,116,150
46,E,15,177
34,V,142,136
15,L,178,245
103,J,201,27
111,B,162,87
89,F,117,157
242,V,206,171
64,L,245,155
147,R,94,131
154,J,143,151
52,S,79,234
207,O,85,64
208,W,49,70
32,E,38,140
226,I,30,23
132,A,144,196
59,B,93,247
94,U,190,64
216,T,108,162
123,K,74,95
84,K,247,58
191,Z,234,99
250,S,183,240
52,T,214,85
157,I,62,92
100,Q,205,27
51,U,94,75
48,E,16,107
74,C,246,172
244,W,154,242
44,T,50,12
185,N,125,66
195,M,114,129
44,Q,222,124
204,W,1,144
118,H,58,118
205,Q,142,116
86,L,147,91
155,L,145,172
199,S,66,231
105,B,164,223
183,H,173,70
167,K,245,106
230,K,206,14
136,H,39,18
128,Y,160,87
159,G,48,199
114,R,116,130
174,O,50,217
95,V,154,115
43,A,43,81
113,R,1,1
136,C,167,41
112,S,104,14
57,G,42,234
198,H,167,209
215,V,12,170
219,M,28,142
102,L,39,100
70,F,51,175
122,K,9,205
199,E,128,207
143,W,245,49
80,P,187,107
203,A,36,99
107,S,199,135
238,Z,213,117
101,H,69,138
154,A,243,186
100,W,218,31
249,V,166,33
25,C,238,118
249,B,218,161
115,J,188,129
137,V,209,111
210,U,123,147
83,O,241,84
221,V,104,219
106,R,40,17
246,K,74,71
75,P,70,96
152,S,212,228
171,O,242,211
175,B,58,182
179,E,102,22
25,M,177,227
37,P,156,230
208,O,70,182
75,I,224,49
241,B,175,157
204,E,148,159
238,J,207,48
72,Y,142,54
62,T,8,0
207,W,57,129
169,J,137,221
172,M,38,8
153,S,14,88
84,O,201,186
82,J,242,224
109,Z,149,222
37,O,106,228
64,F,17,186
39,U,136,135
44,L,21,146
62,G,2,96
125,K,73,69
7,U,182,28
202,B,37,227
204,E,124,225
246,M,159,18
181,O,183,98
151,G,199,1
146,N,94,191
56,X,228,145
226,D,153,51
196,D,199,144
4,J,245,231
91,Z,43,249
111,D,223,152
177,P,166,56
250,L,58,60
87,R,126,227
240,F,28,200
58,D,51,217
149,F,122,87
221,F,135,183
50,P,27,229
173,L,220,45
163,Q,54,100
79,W,7,121
248,R,181,241
157,Z,159,132
20,A,195,241
245,A,58,171
40,Y,186,23
180,N,172,38
241,M,247,103
50,V,31,205
117,Q,99,231
138,W,179,44
95,Y,62,61
25,K,239,44
60,Z,132,44
92,Z,148,185
21,I,72,93
79,W,69,78
203,H,72,6
61,V,160,121
34,V,202,96
194,Y,225,5
41,T,6,188
168,R,192,242
159,U,44,104
236,A,97,133
246,H,237,82
179,C,221,111
125,I,38,26
48,T,118,212
85,I,206,9
20,H,105,224
157,Y,123,47
68,Y,145,81
125,Z,14,233
191,C,145,215
118,I,190,234
169,Y,86,54
122,N,170,198
236,E,160,189
230,C,2,45
214,W,124,237
92,H,144,3
18,Z,228,243
145,H,124,212
144,Z,54,246
26,B,198,235
245,V,180,231
158,S,68,136
234,V,146,29
64,E,206,74
35,P,203,127
119,U,21,137
30,A,127,164
124,H,203,179
93,K,244,55
72,L,114,188
23,I,149,93
31,M,69,70
57,Z,193,214
11,Z,191,136
100,Z,239,225
9,C,82,92
183,U,169,34
15,E,2,151
62,C,234,43
190,C,90,6
51,G,172,94
161,Y,102,170
66,M,163,106
144,W,109,250
153,W,94,65
161,E,204,31
125,V,111,156
221,O,188,144
26,N,99,136
131,L,246,105
220,D,99,160
183,T,187,130
57,Z,71,127
144,C,43,46
212,V,20,62
95,A,150,107
130,L,16,155
169,O,234,185
39,S,196,52
174,Q,183,120
217,W,173,180
99,N,149,57
132,X,226,150
184,U,43,61
21,N,34,104
95,Y,232,118
122,W,163,42
226,O,16,33
163,Q,183,148
104,H,206,26
52,G,231,80
31,B,183,89
98,W,92,244
213,K,220,13
205,A,101,21
104,X,202,112
87,B,9,215
198,B,168,21
219,F,93,56
77,Z,212,0
62,T,28,65
202,E,140,80
190,B,245,234
185,F,163,21
172,F,113,4
74,W,126,231
179,R,198,182
38,V,32,94
151,J,237,97
212,E,6,98
202,I,163,184
162,J,22,44
207,N,230,135
225,L,87,142
36,Y,30,195
104,G,21,139
158,Y,70,247
45,Q,218,6
118,V,56,123
110,Y,225,39
101,K,28,78
114,H,202,55
141,F,36,52
151,A,54,245
127,B,196,60
146,F,91,21
219,G,178,18
55,J,180,66
103,F,102,0
124,Z,110,250
200,U,147,103
235,E,201,211
223,X,40,204
80,G,136,169
99,S,44,146
102,L,135,202
136,W,132,57
249,C,187,119
104,A,242,13
44,O,176,108
179,V,69,250
39,M,157,147
33,U,135,142
123,Q,175,241
16,H,165,53
65,Y,135,186
60,K,95,238
66,A,199,143
0,N,156,205
55,C,217,46
107,F,114,70
69,K,36,178
26,Z,137,124
195,N,151,84
91,L,168,215
142,A,44,246
156,L,232,138
125,A,87,76
239,S,211,72
87,V,127,164
138,N,100,213
221,J,21,212
3,K,120,97
42,R,71,247
222,T,84,220
72,O,202,109
178,Q,103,50
158,R,194,234
8,J,123,30
103,N,37,108
125,X,80,3
84,T,35,84
210,D,46,229
188,M,229,237
39,C,61,120
116,S,216,55
123,K,142,58
9,K,203,102
199,Y,99,121
50,W,91,62
15,W,56,22
78,P,18,25
134,A,134,108
56,P,159,221
199,K,27,5
132,J,129,225
26,X,110,86
85,I,216,173
195,G,142,73
161,Y,154,205
27,V,101,112
135,O,234,107
42,I,210,247
7,H,140,114
174,I,219,249
202,I,174,2
179,Z,97,119
123,S,231,33
189,O,68,10
153,C,79,192
98,Z,230,249
30,L,149,240
195,G,6,131
0,L,60,194
121,Z,201,18
121,H,183,242
192,R,128,232
162,A,121,3
129,C,191,158
249,Q,146,113
33,M,101,212
192,D,242,209
211,E,101,14
161,W,123,65
46,L,210,197
69,G,26,130
111,Z,184,169
240,I,96,172
139,L,9,207
119,T,33,0
97,A,143,179
124,M,208,215
179,F,175,203
122,A,10,84
4,Z,221,129
196,M,50,172
223,L,175,136
150,V,134,18
68,S,54,61
182,U,94,55
87,Z,155,243
239,C,147,75
126,Z,25,215
104,E,204,131
168,G,35,191
222,B,110,43
203,E,117,55
146,T,118,160
179,U,180,123
158,T,112,57
79,V,186,245
163,F,221,153
154,C,202,230
147,X,78,186
46,P,18,59
35,V,89,198
20,O,133,107
81,N,216,207
37,N,164,81
81,E,18,71
155,D,60,128
82,I,53,12
208,H,156,29
75,B,194,183
166,V,240,75
13,Y,28,49
229,Q,148,2
172,R,76,146
211,B,96,46
10,U,133,234
196,K,162,86
33,N,53,207
131,S,128,176
128,F,34,53
235,E,28,12
84,A,202,191
213,Q,122,77
53,S,89,173
155,T,212,100
227,A,52,51
192,V,212,142
178,B,228,229
234,H,194,29
121,G,145,188
169,P,124,30
83,B,23,201
151,F,117,170
140,I,159,140
71,J,8,211
169,C,147,238
231,X,167,134
14,T,131,117
140,V,102,231
188,T,171,88
195,U,222,188
6,D,135,72
175,G,248,196
164,H,138,166
125,K,225,94
228,W,31,130
24,X,66,246
151,N,54,170
168,F,219,185
92,R,22,141
19,Q,106,6
39,H,245,133
132,P,124,0
175,P,21,165
131,Y,211,211
242,E,15,54
126,H,31,178
176,R,146,5
182,G,208,143
40,T,77,73
149,J,73,44
155,Z,198,223
91,C,214,142
211,T,157,71
225,Y,107,215
174,K,80,33
76,V,45,150
98,K,232,75
64,Y,231,244
226,E,103,34
150,A,189,97
126,L,14,131
238,M,247,124
161,U,234,1
35,M,78,90
201,U,175,236
95,T,187,44
176,Q,207,179
115,K,52,86
191,H,10,190
188,H,13,206
157,N,119,155
160,U,104,24
17,S,8,156
152,T,116,67
249,Y,9,93
80,R,176,137
161,L,95,202
48,H,83,198
250,T,60,53
137,S,35,69
156,Q,146,23
118,M,124,132
59,L,182,119
125,X,201,87
116,L,245,15
172,Y,69,127
29,W,102,50
247,O,7,188
170,U,191,107
68,O,196,215
66,C,141,114
69,K,82,188
74,P,56,226
211,F,46,98
129,C,74,136
128,M,101,58
103,C,230,16
